Aalborg,Nørresundby,6,50
Aalborg,Svenstrup,12,80
Aalborg,Nibe,22,80
Aalborg,Aars,42,80
Nørresundby,Vadum,11,80
Nørresundby,Hjallerup,25,80
Nørresundby,Brønderslev,28,110
Vadum,Aabybro,12,80
Aabybro,Pandrup,14,80
Aabybro,Brovst,23,80
Pandrup,Blokhus,7,60
Pandrup,Løkken,21,80
Brovst,Fjerritslev,28,80
Fjerritslev,Løgstør,37,80
Løgstør,Aars,28,80
Løgstør,Farsø,28,80
Nibe,Løgstør,38,80
Nibe,Aars,30,80
Svenstrup,Støvring,16,110
Svenstrup,Nibe,19,80
Støvring,Skørping,14,80
Støvring,Hobro,30,110
Støvring,Aars,37,80
Skørping,Arden,13,80
Skørping,Terndrup,18,80
Arden,Hobro,16,80
Arden,Hadsund,27,80
Terndrup,Hadsund,22,80
Terndrup,Aalborg,31,80
Hobro,Hadsund,31,80
Hobro,Randers,31,110
Hobro,Aalestrup,36,80
Hadsund,Mariager,20,80
Hadsund,Randers,44,80
Mariager,Randers,27,80
Aars,Farsø,13,80
Aars,Aalestrup,25,80
Farsø,Aalestrup,22,80
Farsø,Skive,47,80
Aalestrup,Viborg,40,80
Aalestrup,Skive,48,80
Viborg,Skive,34,80
Viborg,Randers,45,80
Brønderslev,Hjallerup,20,80
Brønderslev,Hjørring,26,110
Brønderslev,Løkken,30,80
Hjallerup,Dronninglund,11,80
Hjallerup,Sæby,36,80
Dronninglund,Asaa,12,80
Dronninglund,Sæby,31,80
Asaa,Sæby,28,80
Asaa,Hals,30,80
Hals,Aalborg,31,80
Hjørring,Løkken,21,80
Hjørring,Sindal,20,80
Hjørring,Frederikshavn,37,110
Hjørring,Hirtshals,19,80
Løkken,Hirtshals,42,80
Hirtshals,Sindal,35,80
Sindal,Frederikshavn,35,80
Sindal,Bindslev,13,80
Bindslev,Hirtshals,15,80
Bindslev,Skagen,36,80
Frederikshavn,Sæby,13,80
Frederikshavn,Strandby,10,80
Frederikshavn,Skagen,41,80
Strandby,Ålbæk,25,80
Ålbæk,Skagen,20,80
Sæby,Asaa,28,80